<?xml version="1.0" encoding="UTF-8" standalone="no" ?>
<Deck>
	<Card>
		<name>001</name>
		<strenght>1</strenght>
	</Card>
	<Card>
		<name>002</name>
		<strenght>2</strenght>
	</Card>
	<Card>
		<name>003</name>
		<strenght>3</strenght>
	</Card>
	<Card>
		<name>004</name>
		<strenght>4</strenght>
	</Card>
	<Card>
		<name>005</name>
		<strenght>5</strenght>
	</Card>
	<Card>
		<name>006</name>
		<strenght>1</strenght>
	</Card>
	<Card>
		<name>007</name>
		<strenght>2</strenght>
	</Card>
	<Card>
		<name>008</name>
		<strenght>3</strenght>
	</Card>
	<Card>
		<name>009</name>
		<strenght>4</strenght>
	</Card>
	<Card>
		<name>010</name>
		<strenght>5</strenght>
	</Card>
	<Card>
		<name>011</name>
		<strenght>1</strenght>
	</Card>
	<Card>
		<name>012</name>
		<strenght>2</strenght>
	</Card>
	<Card>
		<name>013</name>
		<strenght>3</strenght>
	</Card>
	<Card>
		<name>014</name>
		<strenght>4</strenght>
	</Card>
	<Card>
		<name>015</name>
		<strenght>5</strenght>
	</Card>
	<Card>
		<name>016</name>
		<strenght>1</strenght>
	</Card>
	<Card>
		<name>017</name>
		<strenght>2</strenght>
	</Card>
	<Card>
		<name>018</name>
		<strenght>3</strenght>
	</Card>
	<Card>
		<name>019</name>
		<strenght>4</strenght>
	</Card>
	<Card>
		<name>020</name>
		<strenght>5</strenght>
	</Card>
	<Card>
		<name>021</name>
		<strenght>1</strenght>
	</Card>
	<Card>
		<name>022</name>
		<strenght>2</strenght>
	</Card>
	<Card>
		<name>023</name>
		<strenght>3</strenght>
	</Card>
	<Card>
		<name>024</name>
		<strenght>4</strenght>
	</Card>
	<Card>
		<name>025</name>
		<strenght>5</strenght>
	</Card>
	<Card>
		<name>026</name>
		<strenght>1</strenght>
	</Card>
	<Card>
		<name>027</name>
		<strenght>2</strenght>
	</Card>
	<Card>
		<name>028</name>
		<strenght>3</strenght>
	</Card>
	<Card>
		<name>029</name>
		<strenght>4</strenght>
	</Card>
	<Card>
		<name>030</name>
		<strenght>5</strenght>
	</Card>
	<Card>
		<name>031</name>
		<strenght>1</strenght>
	</Card>
	<Card>
		<name>032</name>
		<strenght>2</strenght>
	</Card>
	<Card>
		<name>033</name>
		<strenght>3</strenght>
	</Card>
	<Card>
		<name>034</name>
		<strenght>4</strenght>
	</Card>
	<Card>
		<name>035</name>
		<strenght>5</strenght>
	</Card>
	<Card>
		<name>036</name>
		<strenght>1</strenght>
	</Card>
	<Card>
		<name>037</name>
		<strenght>2</strenght>
	</Card>
	<Card>
		<name>038</name>
		<strenght>3</strenght>
	</Card>
	<Card>
		<name>039</name>
		<strenght>4</strenght>
	</Card>
	<Card>
		<name>040</name>
		<strenght>5</strenght>
	</Card>	
</Deck>